{"cameraMode":{"drawMode":0,"name":"Shaded","section":"Shading Mode"},"sceneLighting":false,"audioPlay":false,"sceneViewState":{"showFog":true,"showMaterialUpdate":true,"showSkybox":false,"showFlares":true,"showImageEffects":true,"showParticleSystems":true},"in2DMode":false,"pivot":{"x":0.004637705162167549,"y":-0.00022897310554981232,"z":-5.960464477539063e-8},"rotation":{"x":0.19992677867412568,"y":0.29816633462905886,"z":-0.06401950865983963,"w":0.931143045425415},"size":0.4263419210910797,"orthographic":false}