{"cameraMode":{"drawMode":0,"name":"Shaded","section":"Shading Mode"},"sceneLighting":true,"audioPlay":false,"sceneViewState":{"showFog":true,"showMaterialUpdate":true,"showSkybox":true,"showFlares":true,"showImageEffects":true,"showParticleSystems":true},"in2DMode":false,"pivot":{"x":-3.195493459701538,"y":3.107992649078369,"z":-2.353574752807617},"rotation":{"x":0.2639755308628082,"y":0.4128185510635376,"z":-0.12634395062923432,"w":0.8625169992446899},"size":0.3118177056312561,"orthographic":false}