{"cameraMode":{"drawMode":0,"name":"Shaded","section":"Shading Mode"},"sceneLighting":true,"audioPlay":false,"sceneViewState":{"showFog":true,"showMaterialUpdate":true,"showSkybox":true,"showFlares":true,"showImageEffects":true,"showParticleSystems":true},"in2DMode":false,"pivot":{"x":-5.021346092224121,"y":5.045891761779785,"z":-5.597877502441406},"rotation":{"x":0.06005876511335373,"y":0.5490203499794006,"z":-0.03959806263446808,"w":0.8327085971832275},"size":5.388182640075684,"orthographic":false}