{"cameraMode":{"drawMode":0,"name":"Shaded","section":"Shading Mode"},"sceneLighting":false,"audioPlay":false,"sceneViewState":{"showFog":true,"showMaterialUpdate":true,"showSkybox":false,"showFlares":true,"showImageEffects":true,"showParticleSystems":true},"in2DMode":false,"pivot":{"x":-0.0031459778547286989,"y":1.6108489036560059,"z":-0.000005245208740234375},"rotation":{"x":0.05025600269436836,"y":0.6989734172821045,"z":-0.04935944452881813,"w":0.7116698622703552},"size":0.8566209673881531,"orthographic":false}