{"cameraMode":{"drawMode":0,"name":"Shaded","section":"Shading Mode"},"sceneLighting":false,"audioPlay":false,"sceneViewState":{"showFog":true,"showMaterialUpdate":true,"showSkybox":false,"showFlares":true,"showImageEffects":true,"showParticleSystems":true},"in2DMode":false,"pivot":{"x":-0.06676141917705536,"y":1.672512173652649,"z":0.005560755729675293},"rotation":{"x":0.0003509573871269822,"y":0.9996474981307983,"z":0.017995577305555345,"w":-0.019495602697134019},"size":0.8566209673881531,"orthographic":false}